{
  "project_info": {
    "project_number": "868705391953",
    "project_id": "warkopproject-dfeab",
    "storage_bucket": "warkopproject-dfeab.appspot.com"
  },
  "client": [
    {
      "client_info": {
        "mobilesdk_app_id": "1:868705391953:android:834bce82124f2d64902f70",
        "android_client_info": {
          "package_name": "com.example.warkopproject"
        }
      },
      "oauth_client": [
        {
          "client_id": "868705391953-s9bcss9sani3pocpugld557nfg31j4di.apps.googleusercontent.com",
          "client_type": 3
        }
      ],
      "api_key": [
        {
          "current_key": "AIzaSyCPdU8ecR6wjm3UJ2iXsRxtlpg-jOOCQRA"
        }
      ],
      "services": {
        "appinvite_service": {
          "other_platform_oauth_client": [
            {
              "client_id": "868705391953-s9bcss9sani3pocpugld557nfg31j4di.apps.googleusercontent.com",
              "client_type": 3
            }
          ]
        }
      }
    }
  ],
  "configuration_version": "1"
}